"Modelo","Accuracy","Precision","Recall","F1","AUC"
"glm",0.870967741935484,0.869565217391304,0.8,0.833333333333333,0.894054054054054
"knn",0.790322580645161,0.75,0.72,0.73469387755102,0.864324324324324
"rpart",0.790322580645161,0.7,0.84,0.763636363636364,0.798378378378378
