"Modelo","Accuracy","Kappa","Sensibilidad","Especificidad","Precision","F1","Balanced_Accuracy","AUC"
"SVM_radial",0.933333333333333,0.842105263157895,0.8,1,1,0.888888888888889,0.9,0.99
"kNN",0.866666666666667,0.68421052631579,0.7,0.95,0.875,0.777777777777778,0.825,0.955
