"Variable","Numero_NA","Porcentaje_NA"
"V1",83,11.8741058655222
"V2",83,11.8741058655222
"V3",83,11.8741058655222
"V4",83,11.8741058655222
"V5",83,11.8741058655222
"V6",97,13.8769670958512
"V7",83,11.8741058655222
"V8",83,11.8741058655222
"V9",420,60.0858369098712
"class",0,0
