"Modelo","Accuracy","Kappa","Sensibilidad","Especificidad","Precision","F1","Balanced_Accuracy","AUC"
"LDA",0.964028776978417,0.918436803192114,0.895833333333333,1,1,0.945054945054945,0.947916666666667,1
"Arbol",0.920863309352518,0.814958247609827,0.770833333333333,1,1,0.870588235294118,0.885416666666667,0.975389194139194
