"malignant","benign","Variable"
65.3349629516462,65.3349629516462,"V1"
67.6113360323887,67.6113360323887,"V2"
100,100,"V3"
11.2672828660912,11.2672828660912,"V4"
36.6511343671224,36.6511343671224,"V5"
64.9912153387824,64.9912153387824,"V6"
91.7271407837446,91.7271407837446,"V7"
0,0,"V8"
