"Overall","Variable"
20.2003746589525,"V1"
93.924520237857,"V2"
82.3566527783332,"V3"
0,"V4"
18.3862474531628,"V5"
100,"V6"
92.7202231348994,"V7"
66.7094918736889,"V8"
