"Componente","Varianza_explicada","Porcentaje","Porcentaje_acumulado"
"PC1",0.729624454132999,72.9624454132999,72.9624454132999
"PC2",0.228507617867017,22.8507617867017,95.8132072000016
"PC3",0.0366892188928288,3.66892188928288,99.4821290892845
"PC4",0.00517870910715481,0.517870910715481,100
